sensor_id,type,timestamp,data
DEFORM_20240101_001,Structural Deformation (A11),2024-01-01,6.98
DEFORM_20240101_002,Structural Deformation (A11),2024-01-01,3.18
DEFORM_20240101_003,Structural Deformation (A11),2024-01-01,11.55
DEFORM_20240101_004,Structural Deformation (A11),2024-01-01,37.05
DEFORM_20240101_005,Structural Deformation (A11),2024-01-01,1.47
DEFORM_20240102_001,Structural Deformation (A11),2024-01-02,0.37
DEFORM_20240102_002,Structural Deformation (A11),2024-01-02,10.22
DEFORM_20240102_003,Structural Deformation (A11),2024-01-02,8.66
DEFORM_20240102_004,Structural Deformation (A11),2024-01-02,5.15
DEFORM_20240102_005,Structural Deformation (A11),2024-01-02,7.23
DEFORM_20240103_001,Structural Deformation (A11),2024-01-03,8.11
DEFORM_20240103_002,Structural Deformation (A11),2024-01-03,6.18
DEFORM_20240103_003,Structural Deformation (A11),2024-01-03,5.08
DEFORM_20240103_004,Structural Deformation (A11),2024-01-03,6.93
DEFORM_20240103_005,Structural Deformation (A11),2024-01-03,12.22
DEFORM_20240104_001,Structural Deformation (A11),2024-01-04,3.86
DEFORM_20240104_002,Structural Deformation (A11),2024-01-04,0.75
DEFORM_20240104_003,Structural Deformation (A11),2024-01-04,9.44
DEFORM_20240104_004,Structural Deformation (A11),2024-01-04,14.35
DEFORM_20240104_005,Structural Deformation (A11),2024-01-04,10.22
DEFORM_20240105_001,Structural Deformation (A11),2024-01-05,6.54
DEFORM_20240105_002,Structural Deformation (A11),2024-01-05,1.42
DEFORM_20240105_003,Structural Deformation (A11),2024-01-05,6.68
DEFORM_20240105_004,Structural Deformation (A11),2024-01-05,14.35
DEFORM_20240105_005,Structural Deformation (A11),2024-01-05,3.93
DEFORM_20240106_001,Structural Deformation (A11),2024-01-06,5.16
DEFORM_20240106_002,Structural Deformation (A11),2024-01-06,7.09
DEFORM_20240106_003,Structural Deformation (A11),2024-01-06,7.26
DEFORM_20240106_004,Structural Deformation (A11),2024-01-06,10.28
DEFORM_20240106_005,Structural Deformation (A11),2024-01-06,11.15
DEFORM_20240107_001,Structural Deformation (A11),2024-01-07,4.12
DEFORM_20240107_002,Structural Deformation (A11),2024-01-07,12.57
DEFORM_20240107_003,Structural Deformation (A11),2024-01-07,12.67
DEFORM_20240107_004,Structural Deformation (A11),2024-01-07,6.74
DEFORM_20240107_005,Structural Deformation (A11),2024-01-07,0.18
DEFORM_20240108_001,Structural Deformation (A11),2024-01-08,9.84
DEFORM_20240108_002,Structural Deformation (A11),2024-01-08,0.6
DEFORM_20240108_003,Structural Deformation (A11),2024-01-08,0.6
DEFORM_20240108_004,Structural Deformation (A11),2024-01-08,43.52
DEFORM_20240108_005,Structural Deformation (A11),2024-01-08,0.17
DEFORM_20240109_001,Structural Deformation (A11),2024-01-09,2.9
DEFORM_20240109_002,Structural Deformation (A11),2024-01-09,0.07
DEFORM_20240109_003,Structural Deformation (A11),2024-01-09,9.28
DEFORM_20240109_004,Structural Deformation (A11),2024-01-09,6.22
DEFORM_20240109_005,Structural Deformation (A11),2024-01-09,9.24
DEFORM_20240110_001,Structural Deformation (A11),2024-01-10,1.04
DEFORM_20240110_002,Structural Deformation (A11),2024-01-10,4.89
DEFORM_20240110_003,Structural Deformation (A11),2024-01-10,2.02
DEFORM_20240110_004,Structural Deformation (A11),2024-01-10,4.41
DEFORM_20240110_005,Structural Deformation (A11),2024-01-10,10.46
DEFORM_20240111_001,Structural Deformation (A11),2024-01-11,7.27
DEFORM_20240111_002,Structural Deformation (A11),2024-01-11,8.79
DEFORM_20240111_003,Structural Deformation (A11),2024-01-11,9.6
DEFORM_20240111_004,Structural Deformation (A11),2024-01-11,4.31
DEFORM_20240111_005,Structural Deformation (A11),2024-01-11,9.43
DEFORM_20240112_001,Structural Deformation (A11),2024-01-12,8.96
DEFORM_20240112_002,Structural Deformation (A11),2024-01-12,4.66
DEFORM_20240112_003,Structural Deformation (A11),2024-01-12,2.86
DEFORM_20240112_004,Structural Deformation (A11),2024-01-12,3.07
DEFORM_20240112_005,Structural Deformation (A11),2024-01-12,1.34
DEFORM_20240113_001,Structural Deformation (A11),2024-01-13,3.37
DEFORM_20240113_002,Structural Deformation (A11),2024-01-13,11.98
DEFORM_20240113_003,Structural Deformation (A11),2024-01-13,11.06
DEFORM_20240113_004,Structural Deformation (A11),2024-01-13,13.94
DEFORM_20240113_005,Structural Deformation (A11),2024-01-13,12.14
DEFORM_20240114_001,Structural Deformation (A11),2024-01-14,12.13
DEFORM_20240114_002,Structural Deformation (A11),2024-01-14,13.37
DEFORM_20240114_003,Structural Deformation (A11),2024-01-14,6.7
DEFORM_20240114_004,Structural Deformation (A11),2024-01-14,5.77
DEFORM_20240114_005,Structural Deformation (A11),2024-01-14,3.91
DEFORM_20240115_001,Structural Deformation (A11),2024-01-15,8.66
DEFORM_20240115_002,Structural Deformation (A11),2024-01-15,2.39
DEFORM_20240115_003,Structural Deformation (A11),2024-01-15,5.91
DEFORM_20240115_004,Structural Deformation (A11),2024-01-15,12.9
DEFORM_20240115_005,Structural Deformation (A11),2024-01-15,11.44
DEFORM_20240116_001,Structural Deformation (A11),2024-01-16,35.17
DEFORM_20240116_002,Structural Deformation (A11),2024-01-16,13.99
DEFORM_20240116_003,Structural Deformation (A11),2024-01-16,3.78
DEFORM_20240116_004,Structural Deformation (A11),2024-01-16,3.23
DEFORM_20240116_005,Structural Deformation (A11),2024-01-16,1.95
DEFORM_20240117_001,Structural Deformation (A11),2024-01-17,0.73
DEFORM_20240117_002,Structural Deformation (A11),2024-01-17,2.32
DEFORM_20240117_003,Structural Deformation (A11),2024-01-17,2.78
DEFORM_20240117_004,Structural Deformation (A11),2024-01-17,20.49
DEFORM_20240117_005,Structural Deformation (A11),2024-01-17,5.98
DEFORM_20240118_001,Structural Deformation (A11),2024-01-18,2.11
DEFORM_20240118_002,Structural Deformation (A11),2024-01-18,1.17
DEFORM_20240118_003,Structural Deformation (A11),2024-01-18,4.4
DEFORM_20240118_004,Structural Deformation (A11),2024-01-18,13.84
DEFORM_20240118_005,Structural Deformation (A11),2024-01-18,14.28
DEFORM_20240119_001,Structural Deformation (A11),2024-01-19,11.79
DEFORM_20240119_002,Structural Deformation (A11),2024-01-19,9.22
DEFORM_20240119_003,Structural Deformation (A11),2024-01-19,8.03
DEFORM_20240119_004,Structural Deformation (A11),2024-01-19,12.01
DEFORM_20240119_005,Structural Deformation (A11),2024-01-19,8.56
DEFORM_20240120_001,Structural Deformation (A11),2024-01-20,3.25
DEFORM_20240120_002,Structural Deformation (A11),2024-01-20,8.6
DEFORM_20240120_003,Structural Deformation (A11),2024-01-20,2.68
DEFORM_20240120_004,Structural Deformation (A11),2024-01-20,14.96
DEFORM_20240120_005,Structural Deformation (A11),2024-01-20,33.58
DEFORM_20240121_001,Structural Deformation (A11),2024-01-21,2.7
DEFORM_20240121_002,Structural Deformation (A11),2024-01-21,7.05
DEFORM_20240121_003,Structural Deformation (A11),2024-01-21,13.12
DEFORM_20240121_004,Structural Deformation (A11),2024-01-21,11.48
DEFORM_20240121_005,Structural Deformation (A11),2024-01-21,11.24
DEFORM_20240122_001,Structural Deformation (A11),2024-01-22,3.14
DEFORM_20240122_002,Structural Deformation (A11),2024-01-22,11.68
DEFORM_20240122_003,Structural Deformation (A11),2024-01-22,14.11
DEFORM_20240122_004,Structural Deformation (A11),2024-01-22,11.95
DEFORM_20240122_005,Structural Deformation (A11),2024-01-22,10.1
DEFORM_20240123_001,Structural Deformation (A11),2024-01-23,6.44
DEFORM_20240123_002,Structural Deformation (A11),2024-01-23,6.35
DEFORM_20240123_003,Structural Deformation (A11),2024-01-23,2.84
DEFORM_20240123_004,Structural Deformation (A11),2024-01-23,11.62
DEFORM_20240123_005,Structural Deformation (A11),2024-01-23,9.14
DEFORM_20240124_001,Structural Deformation (A11),2024-01-24,12.58
DEFORM_20240124_002,Structural Deformation (A11),2024-01-24,3.89
DEFORM_20240124_003,Structural Deformation (A11),2024-01-24,6.69
DEFORM_20240124_004,Structural Deformation (A11),2024-01-24,0.71
DEFORM_20240124_005,Structural Deformation (A11),2024-01-24,9.88
DEFORM_20240125_001,Structural Deformation (A11),2024-01-25,34.29
DEFORM_20240125_002,Structural Deformation (A11),2024-01-25,2.04
DEFORM_20240125_003,Structural Deformation (A11),2024-01-25,8.22
DEFORM_20240125_004,Structural Deformation (A11),2024-01-25,5.25
DEFORM_20240125_005,Structural Deformation (A11),2024-01-25,5.54
DEFORM_20240126_001,Structural Deformation (A11),2024-01-26,0.24
DEFORM_20240126_002,Structural Deformation (A11),2024-01-26,4.19
DEFORM_20240126_003,Structural Deformation (A11),2024-01-26,3.39
DEFORM_20240126_004,Structural Deformation (A11),2024-01-26,0.05
DEFORM_20240126_005,Structural Deformation (A11),2024-01-26,12.41
DEFORM_20240127_001,Structural Deformation (A11),2024-01-27,0.94
DEFORM_20240127_002,Structural Deformation (A11),2024-01-27,0.14
DEFORM_20240127_003,Structural Deformation (A11),2024-01-27,5.89
DEFORM_20240127_004,Structural Deformation (A11),2024-01-27,9.25
DEFORM_20240127_005,Structural Deformation (A11),2024-01-27,4.97
DEFORM_20240128_001,Structural Deformation (A11),2024-01-28,10.98
DEFORM_20240128_002,Structural Deformation (A11),2024-01-28,6.98
DEFORM_20240128_003,Structural Deformation (A11),2024-01-28,12.67
DEFORM_20240128_004,Structural Deformation (A11),2024-01-28,1.78
DEFORM_20240128_005,Structural Deformation (A11),2024-01-28,44.97
DEFORM_20240129_001,Structural Deformation (A11),2024-01-29,0.82
DEFORM_20240129_002,Structural Deformation (A11),2024-01-29,14.49
DEFORM_20240129_003,Structural Deformation (A11),2024-01-29,6.01
DEFORM_20240129_004,Structural Deformation (A11),2024-01-29,3.64
DEFORM_20240129_005,Structural Deformation (A11),2024-01-29,1.24
DEFORM_20240130_001,Structural Deformation (A11),2024-01-30,2.39
DEFORM_20240130_002,Structural Deformation (A11),2024-01-30,2.52
DEFORM_20240130_003,Structural Deformation (A11),2024-01-30,8.23
DEFORM_20240130_004,Structural Deformation (A11),2024-01-30,14.5
DEFORM_20240130_005,Structural Deformation (A11),2024-01-30,10.33
DEFORM_20240131_001,Structural Deformation (A11),2024-01-31,0.69
DEFORM_20240131_002,Structural Deformation (A11),2024-01-31,9.91
DEFORM_20240131_003,Structural Deformation (A11),2024-01-31,14.04
DEFORM_20240131_004,Structural Deformation (A11),2024-01-31,10.84
DEFORM_20240131_005,Structural Deformation (A11),2024-01-31,29.82
DEFORM_20240201_001,Structural Deformation (A11),2024-02-01,13.14
DEFORM_20240201_002,Structural Deformation (A11),2024-02-01,49.63
DEFORM_20240201_003,Structural Deformation (A11),2024-02-01,10.53
DEFORM_20240201_004,Structural Deformation (A11),2024-02-01,14.13
DEFORM_20240201_005,Structural Deformation (A11),2024-02-01,7.34
DEFORM_20240202_001,Structural Deformation (A11),2024-02-02,3.94
DEFORM_20240202_002,Structural Deformation (A11),2024-02-02,0.55
DEFORM_20240202_003,Structural Deformation (A11),2024-02-02,13.06
DEFORM_20240202_004,Structural Deformation (A11),2024-02-02,10.67
DEFORM_20240202_005,Structural Deformation (A11),2024-02-02,12.0
DEFORM_20240203_001,Structural Deformation (A11),2024-02-03,10.62
DEFORM_20240203_002,Structural Deformation (A11),2024-02-03,6.05
DEFORM_20240203_003,Structural Deformation (A11),2024-02-03,3.04
DEFORM_20240203_004,Structural Deformation (A11),2024-02-03,13.39
DEFORM_20240203_005,Structural Deformation (A11),2024-02-03,10.1
DEFORM_20240204_001,Structural Deformation (A11),2024-02-04,33.86
DEFORM_20240204_002,Structural Deformation (A11),2024-02-04,13.78
DEFORM_20240204_003,Structural Deformation (A11),2024-02-04,1.36
DEFORM_20240204_004,Structural Deformation (A11),2024-02-04,3.59
DEFORM_20240204_005,Structural Deformation (A11),2024-02-04,33.69
DEFORM_20240205_001,Structural Deformation (A11),2024-02-05,13.59
DEFORM_20240205_002,Structural Deformation (A11),2024-02-05,13.0
DEFORM_20240205_003,Structural Deformation (A11),2024-02-05,6.4
DEFORM_20240205_004,Structural Deformation (A11),2024-02-05,7.04
DEFORM_20240205_005,Structural Deformation (A11),2024-02-05,0.43
DEFORM_20240206_001,Structural Deformation (A11),2024-02-06,12.77
DEFORM_20240206_002,Structural Deformation (A11),2024-02-06,1.86
DEFORM_20240206_003,Structural Deformation (A11),2024-02-06,11.55
DEFORM_20240206_004,Structural Deformation (A11),2024-02-06,3.25
DEFORM_20240206_005,Structural Deformation (A11),2024-02-06,11.87
DEFORM_20240207_001,Structural Deformation (A11),2024-02-07,0.73
DEFORM_20240207_002,Structural Deformation (A11),2024-02-07,7.87
DEFORM_20240207_003,Structural Deformation (A11),2024-02-07,9.38
DEFORM_20240207_004,Structural Deformation (A11),2024-02-07,4.67
DEFORM_20240207_005,Structural Deformation (A11),2024-02-07,1.72
DEFORM_20240208_001,Structural Deformation (A11),2024-02-08,3.05
DEFORM_20240208_002,Structural Deformation (A11),2024-02-08,2.35
DEFORM_20240208_003,Structural Deformation (A11),2024-02-08,8.79
DEFORM_20240208_004,Structural Deformation (A11),2024-02-08,14.4
DEFORM_20240208_005,Structural Deformation (A11),2024-02-08,12.09
DEFORM_20240209_001,Structural Deformation (A11),2024-02-09,7.29
DEFORM_20240209_002,Structural Deformation (A11),2024-02-09,2.29
DEFORM_20240209_003,Structural Deformation (A11),2024-02-09,9.31
DEFORM_20240209_004,Structural Deformation (A11),2024-02-09,3.7
DEFORM_20240209_005,Structural Deformation (A11),2024-02-09,0.83
DEFORM_20240210_001,Structural Deformation (A11),2024-02-10,13.02
DEFORM_20240210_002,Structural Deformation (A11),2024-02-10,4.03
DEFORM_20240210_003,Structural Deformation (A11),2024-02-10,8.1
DEFORM_20240210_004,Structural Deformation (A11),2024-02-10,3.55
DEFORM_20240210_005,Structural Deformation (A11),2024-02-10,5.63
DEFORM_20240211_001,Structural Deformation (A11),2024-02-11,0.48
DEFORM_20240211_002,Structural Deformation (A11),2024-02-11,3.44
DEFORM_20240211_003,Structural Deformation (A11),2024-02-11,32.2
DEFORM_20240211_004,Structural Deformation (A11),2024-02-11,13.45
DEFORM_20240211_005,Structural Deformation (A11),2024-02-11,5.6
DEFORM_20240212_001,Structural Deformation (A11),2024-02-12,14.5
DEFORM_20240212_002,Structural Deformation (A11),2024-02-12,12.23
DEFORM_20240212_003,Structural Deformation (A11),2024-02-12,2.02
DEFORM_20240212_004,Structural Deformation (A11),2024-02-12,5.65
DEFORM_20240212_005,Structural Deformation (A11),2024-02-12,12.43
DEFORM_20240213_001,Structural Deformation (A11),2024-02-13,10.14
DEFORM_20240213_002,Structural Deformation (A11),2024-02-13,8.22
DEFORM_20240213_003,Structural Deformation (A11),2024-02-13,10.07
DEFORM_20240213_004,Structural Deformation (A11),2024-02-13,3.7
DEFORM_20240213_005,Structural Deformation (A11),2024-02-13,9.28
DEFORM_20240214_001,Structural Deformation (A11),2024-02-14,14.33
DEFORM_20240214_002,Structural Deformation (A11),2024-02-14,1.31
DEFORM_20240214_003,Structural Deformation (A11),2024-02-14,3.32
DEFORM_20240214_004,Structural Deformation (A11),2024-02-14,8.4
DEFORM_20240214_005,Structural Deformation (A11),2024-02-14,10.84
DEFORM_20240215_001,Structural Deformation (A11),2024-02-15,8.72
DEFORM_20240215_002,Structural Deformation (A11),2024-02-15,12.25
DEFORM_20240215_003,Structural Deformation (A11),2024-02-15,3.44
DEFORM_20240215_004,Structural Deformation (A11),2024-02-15,10.21
DEFORM_20240215_005,Structural Deformation (A11),2024-02-15,9.05
DEFORM_20240216_001,Structural Deformation (A11),2024-02-16,12.05
DEFORM_20240216_002,Structural Deformation (A11),2024-02-16,38.52
DEFORM_20240216_003,Structural Deformation (A11),2024-02-16,8.03
DEFORM_20240216_004,Structural Deformation (A11),2024-02-16,0.05
DEFORM_20240216_005,Structural Deformation (A11),2024-02-16,12.52
DEFORM_20240217_001,Structural Deformation (A11),2024-02-17,8.69
DEFORM_20240217_002,Structural Deformation (A11),2024-02-17,49.19
DEFORM_20240217_003,Structural Deformation (A11),2024-02-17,1.58
DEFORM_20240217_004,Structural Deformation (A11),2024-02-17,14.92
DEFORM_20240217_005,Structural Deformation (A11),2024-02-17,0.06
DEFORM_20240218_001,Structural Deformation (A11),2024-02-18,14.7
DEFORM_20240218_002,Structural Deformation (A11),2024-02-18,9.82
DEFORM_20240218_003,Structural Deformation (A11),2024-02-18,0.21
DEFORM_20240218_004,Structural Deformation (A11),2024-02-18,9.13
DEFORM_20240218_005,Structural Deformation (A11),2024-02-18,8.14
DEFORM_20240219_001,Structural Deformation (A11),2024-02-19,4.51
DEFORM_20240219_002,Structural Deformation (A11),2024-02-19,14.57
DEFORM_20240219_003,Structural Deformation (A11),2024-02-19,6.67
DEFORM_20240219_004,Structural Deformation (A11),2024-02-19,0.89
DEFORM_20240219_005,Structural Deformation (A11),2024-02-19,5.49
DEFORM_20240220_001,Structural Deformation (A11),2024-02-20,5.51
DEFORM_20240220_002,Structural Deformation (A11),2024-02-20,10.33
DEFORM_20240220_003,Structural Deformation (A11),2024-02-20,3.46
DEFORM_20240220_004,Structural Deformation (A11),2024-02-20,13.14
DEFORM_20240220_005,Structural Deformation (A11),2024-02-20,12.39
DEFORM_20240221_001,Structural Deformation (A11),2024-02-21,5.91
DEFORM_20240221_002,Structural Deformation (A11),2024-02-21,3.34
DEFORM_20240221_003,Structural Deformation (A11),2024-02-21,14.58
DEFORM_20240221_004,Structural Deformation (A11),2024-02-21,0.3
DEFORM_20240221_005,Structural Deformation (A11),2024-02-21,3.94
DEFORM_20240222_001,Structural Deformation (A11),2024-02-22,12.53
DEFORM_20240222_002,Structural Deformation (A11),2024-02-22,7.35
DEFORM_20240222_003,Structural Deformation (A11),2024-02-22,13.57
DEFORM_20240222_004,Structural Deformation (A11),2024-02-22,13.12
DEFORM_20240222_005,Structural Deformation (A11),2024-02-22,2.91
DEFORM_20240223_001,Structural Deformation (A11),2024-02-23,13.35
DEFORM_20240223_002,Structural Deformation (A11),2024-02-23,4.57
DEFORM_20240223_003,Structural Deformation (A11),2024-02-23,3.02
DEFORM_20240223_004,Structural Deformation (A11),2024-02-23,1.71
DEFORM_20240223_005,Structural Deformation (A11),2024-02-23,5.88
DEFORM_20240224_001,Structural Deformation (A11),2024-02-24,1.55
DEFORM_20240224_002,Structural Deformation (A11),2024-02-24,9.23
DEFORM_20240224_003,Structural Deformation (A11),2024-02-24,9.49
DEFORM_20240224_004,Structural Deformation (A11),2024-02-24,11.25
DEFORM_20240224_005,Structural Deformation (A11),2024-02-24,8.48
DEFORM_20240225_001,Structural Deformation (A11),2024-02-25,3.42
DEFORM_20240225_002,Structural Deformation (A11),2024-02-25,10.0
DEFORM_20240225_003,Structural Deformation (A11),2024-02-25,8.93
DEFORM_20240225_004,Structural Deformation (A11),2024-02-25,8.14
DEFORM_20240225_005,Structural Deformation (A11),2024-02-25,7.92
DEFORM_20240226_001,Structural Deformation (A11),2024-02-26,8.57
DEFORM_20240226_002,Structural Deformation (A11),2024-02-26,14.58
DEFORM_20240226_003,Structural Deformation (A11),2024-02-26,3.74
DEFORM_20240226_004,Structural Deformation (A11),2024-02-26,11.78
DEFORM_20240226_005,Structural Deformation (A11),2024-02-26,4.61
DEFORM_20240227_001,Structural Deformation (A11),2024-02-27,12.72
DEFORM_20240227_002,Structural Deformation (A11),2024-02-27,14.72
DEFORM_20240227_003,Structural Deformation (A11),2024-02-27,7.39
DEFORM_20240227_004,Structural Deformation (A11),2024-02-27,0.91
DEFORM_20240227_005,Structural Deformation (A11),2024-02-27,8.94
DEFORM_20240228_001,Structural Deformation (A11),2024-02-28,7.68
DEFORM_20240228_002,Structural Deformation (A11),2024-02-28,2.13
DEFORM_20240228_003,Structural Deformation (A11),2024-02-28,6.02
DEFORM_20240228_004,Structural Deformation (A11),2024-02-28,13.02
DEFORM_20240228_005,Structural Deformation (A11),2024-02-28,18.18
DEFORM_20240229_001,Structural Deformation (A11),2024-02-29,2.27
DEFORM_20240229_002,Structural Deformation (A11),2024-02-29,2.04
DEFORM_20240229_003,Structural Deformation (A11),2024-02-29,11.01
DEFORM_20240229_004,Structural Deformation (A11),2024-02-29,12.07
DEFORM_20240229_005,Structural Deformation (A11),2024-02-29,5.47
DEFORM_20240301_001,Structural Deformation (A11),2024-03-01,11.9
DEFORM_20240301_002,Structural Deformation (A11),2024-03-01,13.87
DEFORM_20240301_003,Structural Deformation (A11),2024-03-01,13.18
DEFORM_20240301_004,Structural Deformation (A11),2024-03-01,35.6
DEFORM_20240301_005,Structural Deformation (A11),2024-03-01,1.61
DEFORM_20240302_001,Structural Deformation (A11),2024-03-02,4.14
DEFORM_20240302_002,Structural Deformation (A11),2024-03-02,4.93
DEFORM_20240302_003,Structural Deformation (A11),2024-03-02,10.75
DEFORM_20240302_004,Structural Deformation (A11),2024-03-02,2.54
DEFORM_20240302_005,Structural Deformation (A11),2024-03-02,0.52
DEFORM_20240303_001,Structural Deformation (A11),2024-03-03,7.94
DEFORM_20240303_002,Structural Deformation (A11),2024-03-03,3.84
DEFORM_20240303_003,Structural Deformation (A11),2024-03-03,5.2
DEFORM_20240303_004,Structural Deformation (A11),2024-03-03,11.07
DEFORM_20240303_005,Structural Deformation (A11),2024-03-03,0.65
DEFORM_20240304_001,Structural Deformation (A11),2024-03-04,4.83
DEFORM_20240304_002,Structural Deformation (A11),2024-03-04,10.46
DEFORM_20240304_003,Structural Deformation (A11),2024-03-04,7.65
DEFORM_20240304_004,Structural Deformation (A11),2024-03-04,12.69
DEFORM_20240304_005,Structural Deformation (A11),2024-03-04,10.42
DEFORM_20240305_001,Structural Deformation (A11),2024-03-05,3.73
DEFORM_20240305_002,Structural Deformation (A11),2024-03-05,10.79
DEFORM_20240305_003,Structural Deformation (A11),2024-03-05,9.21
DEFORM_20240305_004,Structural Deformation (A11),2024-03-05,9.81
DEFORM_20240305_005,Structural Deformation (A11),2024-03-05,9.4
DEFORM_20240306_001,Structural Deformation (A11),2024-03-06,8.46
DEFORM_20240306_002,Structural Deformation (A11),2024-03-06,9.18
DEFORM_20240306_003,Structural Deformation (A11),2024-03-06,4.57
DEFORM_20240306_004,Structural Deformation (A11),2024-03-06,5.39
DEFORM_20240306_005,Structural Deformation (A11),2024-03-06,13.64
DEFORM_20240307_001,Structural Deformation (A11),2024-03-07,1.87
DEFORM_20240307_002,Structural Deformation (A11),2024-03-07,4.05
DEFORM_20240307_003,Structural Deformation (A11),2024-03-07,6.6
DEFORM_20240307_004,Structural Deformation (A11),2024-03-07,9.53
DEFORM_20240307_005,Structural Deformation (A11),2024-03-07,1.23
DEFORM_20240308_001,Structural Deformation (A11),2024-03-08,7.14
DEFORM_20240308_002,Structural Deformation (A11),2024-03-08,6.0
DEFORM_20240308_003,Structural Deformation (A11),2024-03-08,3.47
DEFORM_20240308_004,Structural Deformation (A11),2024-03-08,13.39
DEFORM_20240308_005,Structural Deformation (A11),2024-03-08,12.37
DEFORM_20240309_001,Structural Deformation (A11),2024-03-09,0.2
DEFORM_20240309_002,Structural Deformation (A11),2024-03-09,5.26
DEFORM_20240309_003,Structural Deformation (A11),2024-03-09,0.91
DEFORM_20240309_004,Structural Deformation (A11),2024-03-09,0.84
DEFORM_20240309_005,Structural Deformation (A11),2024-03-09,43.53
DEFORM_20240310_001,Structural Deformation (A11),2024-03-10,3.96
DEFORM_20240310_002,Structural Deformation (A11),2024-03-10,7.68
DEFORM_20240310_003,Structural Deformation (A11),2024-03-10,12.59
DEFORM_20240310_004,Structural Deformation (A11),2024-03-10,4.77
DEFORM_20240310_005,Structural Deformation (A11),2024-03-10,14.02
DEFORM_20240311_001,Structural Deformation (A11),2024-03-11,0.65
DEFORM_20240311_002,Structural Deformation (A11),2024-03-11,5.68
DEFORM_20240311_003,Structural Deformation (A11),2024-03-11,0.14
DEFORM_20240311_004,Structural Deformation (A11),2024-03-11,14.05
DEFORM_20240311_005,Structural Deformation (A11),2024-03-11,10.54
DEFORM_20240312_001,Structural Deformation (A11),2024-03-12,1.56
DEFORM_20240312_002,Structural Deformation (A11),2024-03-12,0.16
DEFORM_20240312_003,Structural Deformation (A11),2024-03-12,0.97
DEFORM_20240312_004,Structural Deformation (A11),2024-03-12,9.31
DEFORM_20240312_005,Structural Deformation (A11),2024-03-12,0.51
DEFORM_20240313_001,Structural Deformation (A11),2024-03-13,6.81
DEFORM_20240313_002,Structural Deformation (A11),2024-03-13,9.59
DEFORM_20240313_003,Structural Deformation (A11),2024-03-13,12.56
DEFORM_20240313_004,Structural Deformation (A11),2024-03-13,2.74
DEFORM_20240313_005,Structural Deformation (A11),2024-03-13,0.49
DEFORM_20240314_001,Structural Deformation (A11),2024-03-14,2.27
DEFORM_20240314_002,Structural Deformation (A11),2024-03-14,8.42
DEFORM_20240314_003,Structural Deformation (A11),2024-03-14,14.06
DEFORM_20240314_004,Structural Deformation (A11),2024-03-14,8.27
DEFORM_20240314_005,Structural Deformation (A11),2024-03-14,6.42
DEFORM_20240315_001,Structural Deformation (A11),2024-03-15,5.07
DEFORM_20240315_002,Structural Deformation (A11),2024-03-15,1.61
DEFORM_20240315_003,Structural Deformation (A11),2024-03-15,6.11
DEFORM_20240315_004,Structural Deformation (A11),2024-03-15,22.2
DEFORM_20240315_005,Structural Deformation (A11),2024-03-15,3.04
DEFORM_20240316_001,Structural Deformation (A11),2024-03-16,0.64
DEFORM_20240316_002,Structural Deformation (A11),2024-03-16,13.99
DEFORM_20240316_003,Structural Deformation (A11),2024-03-16,3.94
DEFORM_20240316_004,Structural Deformation (A11),2024-03-16,8.04
DEFORM_20240316_005,Structural Deformation (A11),2024-03-16,36.27
DEFORM_20240317_001,Structural Deformation (A11),2024-03-17,4.06
DEFORM_20240317_002,Structural Deformation (A11),2024-03-17,0.98
DEFORM_20240317_003,Structural Deformation (A11),2024-03-17,7.86
DEFORM_20240317_004,Structural Deformation (A11),2024-03-17,4.95
DEFORM_20240317_005,Structural Deformation (A11),2024-03-17,23.56
DEFORM_20240318_001,Structural Deformation (A11),2024-03-18,9.66
DEFORM_20240318_002,Structural Deformation (A11),2024-03-18,1.29
DEFORM_20240318_003,Structural Deformation (A11),2024-03-18,4.67
DEFORM_20240318_004,Structural Deformation (A11),2024-03-18,13.72
DEFORM_20240318_005,Structural Deformation (A11),2024-03-18,8.29
DEFORM_20240319_001,Structural Deformation (A11),2024-03-19,8.51
DEFORM_20240319_002,Structural Deformation (A11),2024-03-19,14.19
DEFORM_20240319_003,Structural Deformation (A11),2024-03-19,8.81
DEFORM_20240319_004,Structural Deformation (A11),2024-03-19,6.87
DEFORM_20240319_005,Structural Deformation (A11),2024-03-19,10.74
DEFORM_20240320_001,Structural Deformation (A11),2024-03-20,3.17
DEFORM_20240320_002,Structural Deformation (A11),2024-03-20,14.25
DEFORM_20240320_003,Structural Deformation (A11),2024-03-20,7.34
DEFORM_20240320_004,Structural Deformation (A11),2024-03-20,1.61
DEFORM_20240320_005,Structural Deformation (A11),2024-03-20,1.96
DEFORM_20240321_001,Structural Deformation (A11),2024-03-21,8.89
DEFORM_20240321_002,Structural Deformation (A11),2024-03-21,6.74
DEFORM_20240321_003,Structural Deformation (A11),2024-03-21,9.72
DEFORM_20240321_004,Structural Deformation (A11),2024-03-21,12.63
DEFORM_20240321_005,Structural Deformation (A11),2024-03-21,1.83
DEFORM_20240322_001,Structural Deformation (A11),2024-03-22,8.52
DEFORM_20240322_002,Structural Deformation (A11),2024-03-22,1.3
DEFORM_20240322_003,Structural Deformation (A11),2024-03-22,12.84
DEFORM_20240322_004,Structural Deformation (A11),2024-03-22,4.74
DEFORM_20240322_005,Structural Deformation (A11),2024-03-22,11.95
DEFORM_20240323_001,Structural Deformation (A11),2024-03-23,14.44
DEFORM_20240323_002,Structural Deformation (A11),2024-03-23,6.88
DEFORM_20240323_003,Structural Deformation (A11),2024-03-23,12.88
DEFORM_20240323_004,Structural Deformation (A11),2024-03-23,16.72
DEFORM_20240323_005,Structural Deformation (A11),2024-03-23,10.5
DEFORM_20240324_001,Structural Deformation (A11),2024-03-24,2.32
DEFORM_20240324_002,Structural Deformation (A11),2024-03-24,10.08
DEFORM_20240324_003,Structural Deformation (A11),2024-03-24,13.06
DEFORM_20240324_004,Structural Deformation (A11),2024-03-24,2.34
DEFORM_20240324_005,Structural Deformation (A11),2024-03-24,14.38
DEFORM_20240325_001,Structural Deformation (A11),2024-03-25,14.53
DEFORM_20240325_002,Structural Deformation (A11),2024-03-25,6.72
DEFORM_20240325_003,Structural Deformation (A11),2024-03-25,6.29
DEFORM_20240325_004,Structural Deformation (A11),2024-03-25,49.34
DEFORM_20240325_005,Structural Deformation (A11),2024-03-25,11.95
DEFORM_20240326_001,Structural Deformation (A11),2024-03-26,7.17
DEFORM_20240326_002,Structural Deformation (A11),2024-03-26,14.06
DEFORM_20240326_003,Structural Deformation (A11),2024-03-26,6.62
DEFORM_20240326_004,Structural Deformation (A11),2024-03-26,13.6
DEFORM_20240326_005,Structural Deformation (A11),2024-03-26,10.3
DEFORM_20240327_001,Structural Deformation (A11),2024-03-27,4.41
DEFORM_20240327_002,Structural Deformation (A11),2024-03-27,0.87
DEFORM_20240327_003,Structural Deformation (A11),2024-03-27,8.29
DEFORM_20240327_004,Structural Deformation (A11),2024-03-27,2.23
DEFORM_20240327_005,Structural Deformation (A11),2024-03-27,3.4
DEFORM_20240328_001,Structural Deformation (A11),2024-03-28,0.78
DEFORM_20240328_002,Structural Deformation (A11),2024-03-28,9.67
DEFORM_20240328_003,Structural Deformation (A11),2024-03-28,11.32
DEFORM_20240328_004,Structural Deformation (A11),2024-03-28,1.71
DEFORM_20240328_005,Structural Deformation (A11),2024-03-28,14.31
DEFORM_20240329_001,Structural Deformation (A11),2024-03-29,11.06
DEFORM_20240329_002,Structural Deformation (A11),2024-03-29,4.63
DEFORM_20240329_003,Structural Deformation (A11),2024-03-29,5.74
DEFORM_20240329_004,Structural Deformation (A11),2024-03-29,8.45
DEFORM_20240329_005,Structural Deformation (A11),2024-03-29,2.3
DEFORM_20240330_001,Structural Deformation (A11),2024-03-30,14.04
DEFORM_20240330_002,Structural Deformation (A11),2024-03-30,9.19
DEFORM_20240330_003,Structural Deformation (A11),2024-03-30,14.31
DEFORM_20240330_004,Structural Deformation (A11),2024-03-30,13.49
DEFORM_20240330_005,Structural Deformation (A11),2024-03-30,5.63
DEFORM_20240331_001,Structural Deformation (A11),2024-03-31,9.46
DEFORM_20240331_002,Structural Deformation (A11),2024-03-31,5.95
DEFORM_20240331_003,Structural Deformation (A11),2024-03-31,7.54
DEFORM_20240331_004,Structural Deformation (A11),2024-03-31,13.89
DEFORM_20240331_005,Structural Deformation (A11),2024-03-31,7.08
DEFORM_20240401_001,Structural Deformation (A11),2024-04-01,1.01
DEFORM_20240401_002,Structural Deformation (A11),2024-04-01,13.27
DEFORM_20240401_003,Structural Deformation (A11),2024-04-01,2.46
DEFORM_20240401_004,Structural Deformation (A11),2024-04-01,11.28
DEFORM_20240401_005,Structural Deformation (A11),2024-04-01,7.05
DEFORM_20240402_001,Structural Deformation (A11),2024-04-02,7.41
DEFORM_20240402_002,Structural Deformation (A11),2024-04-02,8.05
DEFORM_20240402_003,Structural Deformation (A11),2024-04-02,1.7
DEFORM_20240402_004,Structural Deformation (A11),2024-04-02,10.02
DEFORM_20240402_005,Structural Deformation (A11),2024-04-02,8.11
DEFORM_20240403_001,Structural Deformation (A11),2024-04-03,2.13
DEFORM_20240403_002,Structural Deformation (A11),2024-04-03,11.11
DEFORM_20240403_003,Structural Deformation (A11),2024-04-03,11.24
DEFORM_20240403_004,Structural Deformation (A11),2024-04-03,9.05
DEFORM_20240403_005,Structural Deformation (A11),2024-04-03,12.16
DEFORM_20240404_001,Structural Deformation (A11),2024-04-04,1.28
DEFORM_20240404_002,Structural Deformation (A11),2024-04-04,5.57
DEFORM_20240404_003,Structural Deformation (A11),2024-04-04,13.25
DEFORM_20240404_004,Structural Deformation (A11),2024-04-04,1.46
DEFORM_20240404_005,Structural Deformation (A11),2024-04-04,39.29
DEFORM_20240405_001,Structural Deformation (A11),2024-04-05,43.87
DEFORM_20240405_002,Structural Deformation (A11),2024-04-05,11.11
DEFORM_20240405_003,Structural Deformation (A11),2024-04-05,6.14
DEFORM_20240405_004,Structural Deformation (A11),2024-04-05,5.31
DEFORM_20240405_005,Structural Deformation (A11),2024-04-05,4.24
DEFORM_20240406_001,Structural Deformation (A11),2024-04-06,13.89
DEFORM_20240406_002,Structural Deformation (A11),2024-04-06,17.97
DEFORM_20240406_003,Structural Deformation (A11),2024-04-06,3.61
DEFORM_20240406_004,Structural Deformation (A11),2024-04-06,38.31
DEFORM_20240406_005,Structural Deformation (A11),2024-04-06,11.81
DEFORM_20240407_001,Structural Deformation (A11),2024-04-07,12.4
DEFORM_20240407_002,Structural Deformation (A11),2024-04-07,13.5
DEFORM_20240407_003,Structural Deformation (A11),2024-04-07,11.48
DEFORM_20240407_004,Structural Deformation (A11),2024-04-07,11.92
DEFORM_20240407_005,Structural Deformation (A11),2024-04-07,7.73
DEFORM_20240408_001,Structural Deformation (A11),2024-04-08,13.99
DEFORM_20240408_002,Structural Deformation (A11),2024-04-08,1.23
DEFORM_20240408_003,Structural Deformation (A11),2024-04-08,4.76
DEFORM_20240408_004,Structural Deformation (A11),2024-04-08,7.29
DEFORM_20240408_005,Structural Deformation (A11),2024-04-08,1.27
DEFORM_20240409_001,Structural Deformation (A11),2024-04-09,3.8
DEFORM_20240409_002,Structural Deformation (A11),2024-04-09,2.76
DEFORM_20240409_003,Structural Deformation (A11),2024-04-09,6.11
DEFORM_20240409_004,Structural Deformation (A11),2024-04-09,3.55
DEFORM_20240409_005,Structural Deformation (A11),2024-04-09,7.19
DEFORM_20240410_001,Structural Deformation (A11),2024-04-10,4.46
DEFORM_20240410_002,Structural Deformation (A11),2024-04-10,2.44
DEFORM_20240410_003,Structural Deformation (A11),2024-04-10,7.46
DEFORM_20240410_004,Structural Deformation (A11),2024-04-10,7.45
DEFORM_20240410_005,Structural Deformation (A11),2024-04-10,4.59
DEFORM_20240411_001,Structural Deformation (A11),2024-04-11,5.48
DEFORM_20240411_002,Structural Deformation (A11),2024-04-11,3.84
DEFORM_20240411_003,Structural Deformation (A11),2024-04-11,13.63
DEFORM_20240411_004,Structural Deformation (A11),2024-04-11,10.81
DEFORM_20240411_005,Structural Deformation (A11),2024-04-11,4.45
DEFORM_20240412_001,Structural Deformation (A11),2024-04-12,5.89
DEFORM_20240412_002,Structural Deformation (A11),2024-04-12,7.45
DEFORM_20240412_003,Structural Deformation (A11),2024-04-12,7.41
DEFORM_20240412_004,Structural Deformation (A11),2024-04-12,7.84
DEFORM_20240412_005,Structural Deformation (A11),2024-04-12,9.05
DEFORM_20240413_001,Structural Deformation (A11),2024-04-13,9.44
DEFORM_20240413_002,Structural Deformation (A11),2024-04-13,12.22
DEFORM_20240413_003,Structural Deformation (A11),2024-04-13,6.54
DEFORM_20240413_004,Structural Deformation (A11),2024-04-13,13.33
DEFORM_20240413_005,Structural Deformation (A11),2024-04-13,13.43
DEFORM_20240414_001,Structural Deformation (A11),2024-04-14,14.66
DEFORM_20240414_002,Structural Deformation (A11),2024-04-14,6.84
DEFORM_20240414_003,Structural Deformation (A11),2024-04-14,8.29
DEFORM_20240414_004,Structural Deformation (A11),2024-04-14,2.42
DEFORM_20240414_005,Structural Deformation (A11),2024-04-14,1.3
DEFORM_20240415_001,Structural Deformation (A11),2024-04-15,5.68
DEFORM_20240415_002,Structural Deformation (A11),2024-04-15,8.19
DEFORM_20240415_003,Structural Deformation (A11),2024-04-15,6.76
DEFORM_20240415_004,Structural Deformation (A11),2024-04-15,0.65
DEFORM_20240415_005,Structural Deformation (A11),2024-04-15,1.94
DEFORM_20240416_001,Structural Deformation (A11),2024-04-16,7.06
DEFORM_20240416_002,Structural Deformation (A11),2024-04-16,13.13
DEFORM_20240416_003,Structural Deformation (A11),2024-04-16,8.65
DEFORM_20240416_004,Structural Deformation (A11),2024-04-16,14.18
DEFORM_20240416_005,Structural Deformation (A11),2024-04-16,3.77
DEFORM_20240417_001,Structural Deformation (A11),2024-04-17,14.28
DEFORM_20240417_002,Structural Deformation (A11),2024-04-17,6.26
DEFORM_20240417_003,Structural Deformation (A11),2024-04-17,7.72
DEFORM_20240417_004,Structural Deformation (A11),2024-04-17,6.5
DEFORM_20240417_005,Structural Deformation (A11),2024-04-17,9.34
DEFORM_20240418_001,Structural Deformation (A11),2024-04-18,11.17
DEFORM_20240418_002,Structural Deformation (A11),2024-04-18,9.77
DEFORM_20240418_003,Structural Deformation (A11),2024-04-18,7.36
DEFORM_20240418_004,Structural Deformation (A11),2024-04-18,7.73
DEFORM_20240418_005,Structural Deformation (A11),2024-04-18,7.62
DEFORM_20240419_001,Structural Deformation (A11),2024-04-19,10.97
DEFORM_20240419_002,Structural Deformation (A11),2024-04-19,20.51
DEFORM_20240419_003,Structural Deformation (A11),2024-04-19,14.88
DEFORM_20240419_004,Structural Deformation (A11),2024-04-19,4.37
DEFORM_20240419_005,Structural Deformation (A11),2024-04-19,6.4
DEFORM_20240420_001,Structural Deformation (A11),2024-04-20,6.26
DEFORM_20240420_002,Structural Deformation (A11),2024-04-20,7.16
DEFORM_20240420_003,Structural Deformation (A11),2024-04-20,1.79
DEFORM_20240420_004,Structural Deformation (A11),2024-04-20,4.15
DEFORM_20240420_005,Structural Deformation (A11),2024-04-20,4.18
DEFORM_20240421_001,Structural Deformation (A11),2024-04-21,10.38
DEFORM_20240421_002,Structural Deformation (A11),2024-04-21,9.86
DEFORM_20240421_003,Structural Deformation (A11),2024-04-21,14.55
DEFORM_20240421_004,Structural Deformation (A11),2024-04-21,4.14
DEFORM_20240421_005,Structural Deformation (A11),2024-04-21,3.38
DEFORM_20240422_001,Structural Deformation (A11),2024-04-22,8.27
DEFORM_20240422_002,Structural Deformation (A11),2024-04-22,8.54
DEFORM_20240422_003,Structural Deformation (A11),2024-04-22,6.61
DEFORM_20240422_004,Structural Deformation (A11),2024-04-22,5.62
DEFORM_20240422_005,Structural Deformation (A11),2024-04-22,7.35
DEFORM_20240423_001,Structural Deformation (A11),2024-04-23,27.77
DEFORM_20240423_002,Structural Deformation (A11),2024-04-23,9.78
DEFORM_20240423_003,Structural Deformation (A11),2024-04-23,41.38
DEFORM_20240423_004,Structural Deformation (A11),2024-04-23,11.78
DEFORM_20240423_005,Structural Deformation (A11),2024-04-23,28.34
DEFORM_20240424_001,Structural Deformation (A11),2024-04-24,1.83
DEFORM_20240424_002,Structural Deformation (A11),2024-04-24,10.98
DEFORM_20240424_003,Structural Deformation (A11),2024-04-24,1.35
DEFORM_20240424_004,Structural Deformation (A11),2024-04-24,1.68
DEFORM_20240424_005,Structural Deformation (A11),2024-04-24,10.23
DEFORM_20240425_001,Structural Deformation (A11),2024-04-25,41.83
DEFORM_20240425_002,Structural Deformation (A11),2024-04-25,10.03
DEFORM_20240425_003,Structural Deformation (A11),2024-04-25,8.65
DEFORM_20240425_004,Structural Deformation (A11),2024-04-25,10.27
DEFORM_20240425_005,Structural Deformation (A11),2024-04-25,13.94
DEFORM_20240426_001,Structural Deformation (A11),2024-04-26,4.81
DEFORM_20240426_002,Structural Deformation (A11),2024-04-26,41.98
DEFORM_20240426_003,Structural Deformation (A11),2024-04-26,1.14
DEFORM_20240426_004,Structural Deformation (A11),2024-04-26,8.5
DEFORM_20240426_005,Structural Deformation (A11),2024-04-26,4.95
DEFORM_20240427_001,Structural Deformation (A11),2024-04-27,13.26
DEFORM_20240427_002,Structural Deformation (A11),2024-04-27,5.06
DEFORM_20240427_003,Structural Deformation (A11),2024-04-27,2.82
DEFORM_20240427_004,Structural Deformation (A11),2024-04-27,39.65
DEFORM_20240427_005,Structural Deformation (A11),2024-04-27,2.81
DEFORM_20240428_001,Structural Deformation (A11),2024-04-28,8.91
DEFORM_20240428_002,Structural Deformation (A11),2024-04-28,11.89
DEFORM_20240428_003,Structural Deformation (A11),2024-04-28,11.12
DEFORM_20240428_004,Structural Deformation (A11),2024-04-28,10.46
DEFORM_20240428_005,Structural Deformation (A11),2024-04-28,13.26
DEFORM_20240429_001,Structural Deformation (A11),2024-04-29,0.15
DEFORM_20240429_002,Structural Deformation (A11),2024-04-29,9.31
DEFORM_20240429_003,Structural Deformation (A11),2024-04-29,4.86
DEFORM_20240429_004,Structural Deformation (A11),2024-04-29,6.22
DEFORM_20240429_005,Structural Deformation (A11),2024-04-29,13.05
DEFORM_20240430_001,Structural Deformation (A11),2024-04-30,5.62
DEFORM_20240430_002,Structural Deformation (A11),2024-04-30,14.08
DEFORM_20240430_003,Structural Deformation (A11),2024-04-30,3.53
DEFORM_20240430_004,Structural Deformation (A11),2024-04-30,13.42
DEFORM_20240430_005,Structural Deformation (A11),2024-04-30,10.08
DEFORM_20240501_001,Structural Deformation (A11),2024-05-01,13.47
DEFORM_20240501_002,Structural Deformation (A11),2024-05-01,13.74
DEFORM_20240501_003,Structural Deformation (A11),2024-05-01,8.11
DEFORM_20240501_004,Structural Deformation (A11),2024-05-01,0.16
DEFORM_20240501_005,Structural Deformation (A11),2024-05-01,7.8
DEFORM_20240502_001,Structural Deformation (A11),2024-05-02,5.4
DEFORM_20240502_002,Structural Deformation (A11),2024-05-02,49.23
DEFORM_20240502_003,Structural Deformation (A11),2024-05-02,4.46
DEFORM_20240502_004,Structural Deformation (A11),2024-05-02,2.4
DEFORM_20240502_005,Structural Deformation (A11),2024-05-02,7.78
DEFORM_20240503_001,Structural Deformation (A11),2024-05-03,6.41
DEFORM_20240503_002,Structural Deformation (A11),2024-05-03,8.45
DEFORM_20240503_003,Structural Deformation (A11),2024-05-03,10.85
DEFORM_20240503_004,Structural Deformation (A11),2024-05-03,3.35
DEFORM_20240503_005,Structural Deformation (A11),2024-05-03,12.21
DEFORM_20240504_001,Structural Deformation (A11),2024-05-04,10.36
DEFORM_20240504_002,Structural Deformation (A11),2024-05-04,13.14
DEFORM_20240504_003,Structural Deformation (A11),2024-05-04,45.81
DEFORM_20240504_004,Structural Deformation (A11),2024-05-04,0.65
DEFORM_20240504_005,Structural Deformation (A11),2024-05-04,12.84
DEFORM_20240505_001,Structural Deformation (A11),2024-05-05,0.42
DEFORM_20240505_002,Structural Deformation (A11),2024-05-05,4.57
DEFORM_20240505_003,Structural Deformation (A11),2024-05-05,5.08
DEFORM_20240505_004,Structural Deformation (A11),2024-05-05,4.72
DEFORM_20240505_005,Structural Deformation (A11),2024-05-05,14.21
DEFORM_20240506_001,Structural Deformation (A11),2024-05-06,14.17
DEFORM_20240506_002,Structural Deformation (A11),2024-05-06,4.55
DEFORM_20240506_003,Structural Deformation (A11),2024-05-06,11.8
DEFORM_20240506_004,Structural Deformation (A11),2024-05-06,14.89
DEFORM_20240506_005,Structural Deformation (A11),2024-05-06,5.43
DEFORM_20240507_001,Structural Deformation (A11),2024-05-07,9.09
DEFORM_20240507_002,Structural Deformation (A11),2024-05-07,5.72
DEFORM_20240507_003,Structural Deformation (A11),2024-05-07,49.98
DEFORM_20240507_004,Structural Deformation (A11),2024-05-07,4.66
DEFORM_20240507_005,Structural Deformation (A11),2024-05-07,5.22
DEFORM_20240508_001,Structural Deformation (A11),2024-05-08,5.53
DEFORM_20240508_002,Structural Deformation (A11),2024-05-08,0.53
DEFORM_20240508_003,Structural Deformation (A11),2024-05-08,4.73
DEFORM_20240508_004,Structural Deformation (A11),2024-05-08,4.02
DEFORM_20240508_005,Structural Deformation (A11),2024-05-08,5.58
DEFORM_20240509_001,Structural Deformation (A11),2024-05-09,6.24
DEFORM_20240509_002,Structural Deformation (A11),2024-05-09,13.62
DEFORM_20240509_003,Structural Deformation (A11),2024-05-09,8.47
DEFORM_20240509_004,Structural Deformation (A11),2024-05-09,9.49
DEFORM_20240509_005,Structural Deformation (A11),2024-05-09,9.03
DEFORM_20240510_001,Structural Deformation (A11),2024-05-10,1.92
DEFORM_20240510_002,Structural Deformation (A11),2024-05-10,11.78
DEFORM_20240510_003,Structural Deformation (A11),2024-05-10,5.39
DEFORM_20240510_004,Structural Deformation (A11),2024-05-10,5.99
DEFORM_20240510_005,Structural Deformation (A11),2024-05-10,14.13
DEFORM_20240511_001,Structural Deformation (A11),2024-05-11,12.45
DEFORM_20240511_002,Structural Deformation (A11),2024-05-11,27.09
DEFORM_20240511_003,Structural Deformation (A11),2024-05-11,13.86
DEFORM_20240511_004,Structural Deformation (A11),2024-05-11,4.62
DEFORM_20240511_005,Structural Deformation (A11),2024-05-11,10.0
DEFORM_20240512_001,Structural Deformation (A11),2024-05-12,8.95
DEFORM_20240512_002,Structural Deformation (A11),2024-05-12,7.95
DEFORM_20240512_003,Structural Deformation (A11),2024-05-12,14.38
DEFORM_20240512_004,Structural Deformation (A11),2024-05-12,14.4
DEFORM_20240512_005,Structural Deformation (A11),2024-05-12,8.94
DEFORM_20240513_001,Structural Deformation (A11),2024-05-13,4.9
DEFORM_20240513_002,Structural Deformation (A11),2024-05-13,6.59
DEFORM_20240513_003,Structural Deformation (A11),2024-05-13,5.01
DEFORM_20240513_004,Structural Deformation (A11),2024-05-13,9.92
DEFORM_20240513_005,Structural Deformation (A11),2024-05-13,1.34
DEFORM_20240514_001,Structural Deformation (A11),2024-05-14,6.65
DEFORM_20240514_002,Structural Deformation (A11),2024-05-14,1.22
DEFORM_20240514_003,Structural Deformation (A11),2024-05-14,15.9
DEFORM_20240514_004,Structural Deformation (A11),2024-05-14,7.29
DEFORM_20240514_005,Structural Deformation (A11),2024-05-14,12.7
DEFORM_20240515_001,Structural Deformation (A11),2024-05-15,5.85
DEFORM_20240515_002,Structural Deformation (A11),2024-05-15,1.95
DEFORM_20240515_003,Structural Deformation (A11),2024-05-15,11.17
DEFORM_20240515_004,Structural Deformation (A11),2024-05-15,13.36
DEFORM_20240515_005,Structural Deformation (A11),2024-05-15,5.91
DEFORM_20240516_001,Structural Deformation (A11),2024-05-16,14.06
DEFORM_20240516_002,Structural Deformation (A11),2024-05-16,9.65
DEFORM_20240516_003,Structural Deformation (A11),2024-05-16,11.42
DEFORM_20240516_004,Structural Deformation (A11),2024-05-16,4.37
DEFORM_20240516_005,Structural Deformation (A11),2024-05-16,2.67
DEFORM_20240517_001,Structural Deformation (A11),2024-05-17,12.61
DEFORM_20240517_002,Structural Deformation (A11),2024-05-17,7.32
DEFORM_20240517_003,Structural Deformation (A11),2024-05-17,5.88
DEFORM_20240517_004,Structural Deformation (A11),2024-05-17,1.46
DEFORM_20240517_005,Structural Deformation (A11),2024-05-17,12.26
DEFORM_20240518_001,Structural Deformation (A11),2024-05-18,8.37
DEFORM_20240518_002,Structural Deformation (A11),2024-05-18,11.39
DEFORM_20240518_003,Structural Deformation (A11),2024-05-18,14.08
DEFORM_20240518_004,Structural Deformation (A11),2024-05-18,2.48
DEFORM_20240518_005,Structural Deformation (A11),2024-05-18,8.6
DEFORM_20240519_001,Structural Deformation (A11),2024-05-19,5.87
DEFORM_20240519_002,Structural Deformation (A11),2024-05-19,10.25
DEFORM_20240519_003,Structural Deformation (A11),2024-05-19,4.05
DEFORM_20240519_004,Structural Deformation (A11),2024-05-19,3.94
DEFORM_20240519_005,Structural Deformation (A11),2024-05-19,2.74
DEFORM_20240520_001,Structural Deformation (A11),2024-05-20,8.89
DEFORM_20240520_002,Structural Deformation (A11),2024-05-20,3.1
DEFORM_20240520_003,Structural Deformation (A11),2024-05-20,2.99
DEFORM_20240520_004,Structural Deformation (A11),2024-05-20,14.66
DEFORM_20240520_005,Structural Deformation (A11),2024-05-20,47.29
DEFORM_20240521_001,Structural Deformation (A11),2024-05-21,7.33
DEFORM_20240521_002,Structural Deformation (A11),2024-05-21,1.22
DEFORM_20240521_003,Structural Deformation (A11),2024-05-21,1.54
DEFORM_20240521_004,Structural Deformation (A11),2024-05-21,7.54
DEFORM_20240521_005,Structural Deformation (A11),2024-05-21,7.24
DEFORM_20240522_001,Structural Deformation (A11),2024-05-22,12.97
DEFORM_20240522_002,Structural Deformation (A11),2024-05-22,11.89
DEFORM_20240522_003,Structural Deformation (A11),2024-05-22,1.69
DEFORM_20240522_004,Structural Deformation (A11),2024-05-22,6.54
DEFORM_20240522_005,Structural Deformation (A11),2024-05-22,5.66
DEFORM_20240523_001,Structural Deformation (A11),2024-05-23,2.31
DEFORM_20240523_002,Structural Deformation (A11),2024-05-23,13.03
DEFORM_20240523_003,Structural Deformation (A11),2024-05-23,14.2
DEFORM_20240523_004,Structural Deformation (A11),2024-05-23,10.6
DEFORM_20240523_005,Structural Deformation (A11),2024-05-23,6.65
DEFORM_20240524_001,Structural Deformation (A11),2024-05-24,12.37
DEFORM_20240524_002,Structural Deformation (A11),2024-05-24,4.47
DEFORM_20240524_003,Structural Deformation (A11),2024-05-24,11.26
DEFORM_20240524_004,Structural Deformation (A11),2024-05-24,2.31
DEFORM_20240524_005,Structural Deformation (A11),2024-05-24,10.06
DEFORM_20240525_001,Structural Deformation (A11),2024-05-25,3.36
DEFORM_20240525_002,Structural Deformation (A11),2024-05-25,12.92
DEFORM_20240525_003,Structural Deformation (A11),2024-05-25,2.26
DEFORM_20240525_004,Structural Deformation (A11),2024-05-25,14.4
DEFORM_20240525_005,Structural Deformation (A11),2024-05-25,3.3
DEFORM_20240526_001,Structural Deformation (A11),2024-05-26,43.76
DEFORM_20240526_002,Structural Deformation (A11),2024-05-26,10.8
DEFORM_20240526_003,Structural Deformation (A11),2024-05-26,10.84
DEFORM_20240526_004,Structural Deformation (A11),2024-05-26,11.5
DEFORM_20240526_005,Structural Deformation (A11),2024-05-26,9.96
DEFORM_20240527_001,Structural Deformation (A11),2024-05-27,34.81
DEFORM_20240527_002,Structural Deformation (A11),2024-05-27,13.32
DEFORM_20240527_003,Structural Deformation (A11),2024-05-27,7.29
DEFORM_20240527_004,Structural Deformation (A11),2024-05-27,0.95
DEFORM_20240527_005,Structural Deformation (A11),2024-05-27,3.16
DEFORM_20240528_001,Structural Deformation (A11),2024-05-28,0.45
DEFORM_20240528_002,Structural Deformation (A11),2024-05-28,14.35
DEFORM_20240528_003,Structural Deformation (A11),2024-05-28,10.39
DEFORM_20240528_004,Structural Deformation (A11),2024-05-28,1.28
DEFORM_20240528_005,Structural Deformation (A11),2024-05-28,7.6
DEFORM_20240529_001,Structural Deformation (A11),2024-05-29,2.33
DEFORM_20240529_002,Structural Deformation (A11),2024-05-29,7.16
DEFORM_20240529_003,Structural Deformation (A11),2024-05-29,2.06
DEFORM_20240529_004,Structural Deformation (A11),2024-05-29,25.74
DEFORM_20240529_005,Structural Deformation (A11),2024-05-29,14.5
DEFORM_20240530_001,Structural Deformation (A11),2024-05-30,11.6
DEFORM_20240530_002,Structural Deformation (A11),2024-05-30,14.27
DEFORM_20240530_003,Structural Deformation (A11),2024-05-30,0.41
DEFORM_20240530_004,Structural Deformation (A11),2024-05-30,12.54
DEFORM_20240530_005,Structural Deformation (A11),2024-05-30,1.39
DEFORM_20240531_001,Structural Deformation (A11),2024-05-31,2.33
DEFORM_20240531_002,Structural Deformation (A11),2024-05-31,6.14
DEFORM_20240531_003,Structural Deformation (A11),2024-05-31,0.93
DEFORM_20240531_004,Structural Deformation (A11),2024-05-31,12.35
DEFORM_20240531_005,Structural Deformation (A11),2024-05-31,2.62
DEFORM_20240601_001,Structural Deformation (A11),2024-06-01,10.09
DEFORM_20240601_002,Structural Deformation (A11),2024-06-01,8.56
DEFORM_20240601_003,Structural Deformation (A11),2024-06-01,12.46
DEFORM_20240601_004,Structural Deformation (A11),2024-06-01,2.24
DEFORM_20240601_005,Structural Deformation (A11),2024-06-01,5.1
DEFORM_20240602_001,Structural Deformation (A11),2024-06-02,1.96
DEFORM_20240602_002,Structural Deformation (A11),2024-06-02,14.85
DEFORM_20240602_003,Structural Deformation (A11),2024-06-02,14.8
DEFORM_20240602_004,Structural Deformation (A11),2024-06-02,4.17
DEFORM_20240602_005,Structural Deformation (A11),2024-06-02,3.78
DEFORM_20240603_001,Structural Deformation (A11),2024-06-03,7.68
DEFORM_20240603_002,Structural Deformation (A11),2024-06-03,3.55
DEFORM_20240603_003,Structural Deformation (A11),2024-06-03,7.43
DEFORM_20240603_004,Structural Deformation (A11),2024-06-03,10.91
DEFORM_20240603_005,Structural Deformation (A11),2024-06-03,9.22
DEFORM_20240604_001,Structural Deformation (A11),2024-06-04,1.0
DEFORM_20240604_002,Structural Deformation (A11),2024-06-04,13.75
DEFORM_20240604_003,Structural Deformation (A11),2024-06-04,0.1
DEFORM_20240604_004,Structural Deformation (A11),2024-06-04,11.4
DEFORM_20240604_005,Structural Deformation (A11),2024-06-04,6.77
DEFORM_20240605_001,Structural Deformation (A11),2024-06-05,8.99
DEFORM_20240605_002,Structural Deformation (A11),2024-06-05,12.4
DEFORM_20240605_003,Structural Deformation (A11),2024-06-05,3.17
DEFORM_20240605_004,Structural Deformation (A11),2024-06-05,14.12
DEFORM_20240605_005,Structural Deformation (A11),2024-06-05,15.12
DEFORM_20240606_001,Structural Deformation (A11),2024-06-06,2.09
DEFORM_20240606_002,Structural Deformation (A11),2024-06-06,2.49
DEFORM_20240606_003,Structural Deformation (A11),2024-06-06,12.92
DEFORM_20240606_004,Structural Deformation (A11),2024-06-06,10.1
DEFORM_20240606_005,Structural Deformation (A11),2024-06-06,1.07
DEFORM_20240607_001,Structural Deformation (A11),2024-06-07,9.69
DEFORM_20240607_002,Structural Deformation (A11),2024-06-07,3.8
DEFORM_20240607_003,Structural Deformation (A11),2024-06-07,5.06
DEFORM_20240607_004,Structural Deformation (A11),2024-06-07,8.21
DEFORM_20240607_005,Structural Deformation (A11),2024-06-07,1.92
DEFORM_20240608_001,Structural Deformation (A11),2024-06-08,10.32
DEFORM_20240608_002,Structural Deformation (A11),2024-06-08,4.08
DEFORM_20240608_003,Structural Deformation (A11),2024-06-08,6.68
DEFORM_20240608_004,Structural Deformation (A11),2024-06-08,7.94
DEFORM_20240608_005,Structural Deformation (A11),2024-06-08,10.66
DEFORM_20240609_001,Structural Deformation (A11),2024-06-09,8.47
DEFORM_20240609_002,Structural Deformation (A11),2024-06-09,0.36
DEFORM_20240609_003,Structural Deformation (A11),2024-06-09,11.09
DEFORM_20240609_004,Structural Deformation (A11),2024-06-09,2.71
DEFORM_20240609_005,Structural Deformation (A11),2024-06-09,2.51
DEFORM_20240610_001,Structural Deformation (A11),2024-06-10,11.09
DEFORM_20240610_002,Structural Deformation (A11),2024-06-10,10.31
DEFORM_20240610_003,Structural Deformation (A11),2024-06-10,1.21
DEFORM_20240610_004,Structural Deformation (A11),2024-06-10,13.58
DEFORM_20240610_005,Structural Deformation (A11),2024-06-10,10.47
DEFORM_20240611_001,Structural Deformation (A11),2024-06-11,3.99
DEFORM_20240611_002,Structural Deformation (A11),2024-06-11,1.3
DEFORM_20240611_003,Structural Deformation (A11),2024-06-11,6.16
DEFORM_20240611_004,Structural Deformation (A11),2024-06-11,10.34
DEFORM_20240611_005,Structural Deformation (A11),2024-06-11,12.03
DEFORM_20240612_001,Structural Deformation (A11),2024-06-12,7.82
DEFORM_20240612_002,Structural Deformation (A11),2024-06-12,6.62
DEFORM_20240612_003,Structural Deformation (A11),2024-06-12,14.92
DEFORM_20240612_004,Structural Deformation (A11),2024-06-12,8.58
DEFORM_20240612_005,Structural Deformation (A11),2024-06-12,2.0
DEFORM_20240613_001,Structural Deformation (A11),2024-06-13,2.45
DEFORM_20240613_002,Structural Deformation (A11),2024-06-13,5.84
DEFORM_20240613_003,Structural Deformation (A11),2024-06-13,0.23
DEFORM_20240613_004,Structural Deformation (A11),2024-06-13,49.4
DEFORM_20240613_005,Structural Deformation (A11),2024-06-13,44.6
DEFORM_20240614_001,Structural Deformation (A11),2024-06-14,11.72
DEFORM_20240614_002,Structural Deformation (A11),2024-06-14,6.44
DEFORM_20240614_003,Structural Deformation (A11),2024-06-14,4.23
DEFORM_20240614_004,Structural Deformation (A11),2024-06-14,11.14
DEFORM_20240614_005,Structural Deformation (A11),2024-06-14,9.21
DEFORM_20240615_001,Structural Deformation (A11),2024-06-15,9.38
DEFORM_20240615_002,Structural Deformation (A11),2024-06-15,10.14
DEFORM_20240615_003,Structural Deformation (A11),2024-06-15,11.93
DEFORM_20240615_004,Structural Deformation (A11),2024-06-15,5.55
DEFORM_20240615_005,Structural Deformation (A11),2024-06-15,22.61
DEFORM_20240616_001,Structural Deformation (A11),2024-06-16,41.92
DEFORM_20240616_002,Structural Deformation (A11),2024-06-16,9.37
DEFORM_20240616_003,Structural Deformation (A11),2024-06-16,7.93
DEFORM_20240616_004,Structural Deformation (A11),2024-06-16,37.16
DEFORM_20240616_005,Structural Deformation (A11),2024-06-16,4.1
DEFORM_20240617_001,Structural Deformation (A11),2024-06-17,5.28
DEFORM_20240617_002,Structural Deformation (A11),2024-06-17,2.17
DEFORM_20240617_003,Structural Deformation (A11),2024-06-17,13.96
DEFORM_20240617_004,Structural Deformation (A11),2024-06-17,8.03
DEFORM_20240617_005,Structural Deformation (A11),2024-06-17,1.86
DEFORM_20240618_001,Structural Deformation (A11),2024-06-18,11.79
DEFORM_20240618_002,Structural Deformation (A11),2024-06-18,9.25
DEFORM_20240618_003,Structural Deformation (A11),2024-06-18,7.54
DEFORM_20240618_004,Structural Deformation (A11),2024-06-18,14.39
DEFORM_20240618_005,Structural Deformation (A11),2024-06-18,0.8
DEFORM_20240619_001,Structural Deformation (A11),2024-06-19,14.27
DEFORM_20240619_002,Structural Deformation (A11),2024-06-19,5.39
DEFORM_20240619_003,Structural Deformation (A11),2024-06-19,13.62
DEFORM_20240619_004,Structural Deformation (A11),2024-06-19,0.93
DEFORM_20240619_005,Structural Deformation (A11),2024-06-19,9.43
DEFORM_20240620_001,Structural Deformation (A11),2024-06-20,2.16
DEFORM_20240620_002,Structural Deformation (A11),2024-06-20,4.54
DEFORM_20240620_003,Structural Deformation (A11),2024-06-20,2.24
DEFORM_20240620_004,Structural Deformation (A11),2024-06-20,10.27
DEFORM_20240620_005,Structural Deformation (A11),2024-06-20,10.58
DEFORM_20240621_001,Structural Deformation (A11),2024-06-21,3.57
DEFORM_20240621_002,Structural Deformation (A11),2024-06-21,5.61
DEFORM_20240621_003,Structural Deformation (A11),2024-06-21,12.41
DEFORM_20240621_004,Structural Deformation (A11),2024-06-21,11.58
DEFORM_20240621_005,Structural Deformation (A11),2024-06-21,4.32
DEFORM_20240622_001,Structural Deformation (A11),2024-06-22,8.94
DEFORM_20240622_002,Structural Deformation (A11),2024-06-22,13.61
DEFORM_20240622_003,Structural Deformation (A11),2024-06-22,13.61
DEFORM_20240622_004,Structural Deformation (A11),2024-06-22,10.6
DEFORM_20240622_005,Structural Deformation (A11),2024-06-22,2.28
DEFORM_20240623_001,Structural Deformation (A11),2024-06-23,7.33
DEFORM_20240623_002,Structural Deformation (A11),2024-06-23,8.45
DEFORM_20240623_003,Structural Deformation (A11),2024-06-23,12.15
DEFORM_20240623_004,Structural Deformation (A11),2024-06-23,6.85
DEFORM_20240623_005,Structural Deformation (A11),2024-06-23,3.44
DEFORM_20240624_001,Structural Deformation (A11),2024-06-24,10.91
DEFORM_20240624_002,Structural Deformation (A11),2024-06-24,0.79
DEFORM_20240624_003,Structural Deformation (A11),2024-06-24,14.39
DEFORM_20240624_004,Structural Deformation (A11),2024-06-24,3.72
DEFORM_20240624_005,Structural Deformation (A11),2024-06-24,42.87
DEFORM_20240625_001,Structural Deformation (A11),2024-06-25,3.25
DEFORM_20240625_002,Structural Deformation (A11),2024-06-25,8.04
DEFORM_20240625_003,Structural Deformation (A11),2024-06-25,12.55
DEFORM_20240625_004,Structural Deformation (A11),2024-06-25,5.84
DEFORM_20240625_005,Structural Deformation (A11),2024-06-25,1.31
DEFORM_20240626_001,Structural Deformation (A11),2024-06-26,5.9
DEFORM_20240626_002,Structural Deformation (A11),2024-06-26,1.74
DEFORM_20240626_003,Structural Deformation (A11),2024-06-26,12.68
DEFORM_20240626_004,Structural Deformation (A11),2024-06-26,3.7
DEFORM_20240626_005,Structural Deformation (A11),2024-06-26,36.81
DEFORM_20240627_001,Structural Deformation (A11),2024-06-27,2.34
DEFORM_20240627_002,Structural Deformation (A11),2024-06-27,3.23
DEFORM_20240627_003,Structural Deformation (A11),2024-06-27,10.92
DEFORM_20240627_004,Structural Deformation (A11),2024-06-27,6.55
DEFORM_20240627_005,Structural Deformation (A11),2024-06-27,4.32
DEFORM_20240628_001,Structural Deformation (A11),2024-06-28,11.18
DEFORM_20240628_002,Structural Deformation (A11),2024-06-28,1.73
DEFORM_20240628_003,Structural Deformation (A11),2024-06-28,2.71
DEFORM_20240628_004,Structural Deformation (A11),2024-06-28,4.65
DEFORM_20240628_005,Structural Deformation (A11),2024-06-28,5.22
DEFORM_20240629_001,Structural Deformation (A11),2024-06-29,10.38
DEFORM_20240629_002,Structural Deformation (A11),2024-06-29,0.93
DEFORM_20240629_003,Structural Deformation (A11),2024-06-29,2.38
DEFORM_20240629_004,Structural Deformation (A11),2024-06-29,9.09
DEFORM_20240629_005,Structural Deformation (A11),2024-06-29,13.13
DEFORM_20240630_001,Structural Deformation (A11),2024-06-30,0.25
DEFORM_20240630_002,Structural Deformation (A11),2024-06-30,1.72
DEFORM_20240630_003,Structural Deformation (A11),2024-06-30,6.87
DEFORM_20240630_004,Structural Deformation (A11),2024-06-30,1.45
DEFORM_20240630_005,Structural Deformation (A11),2024-06-30,2.45
DEFORM_20240701_001,Structural Deformation (A11),2024-07-01,10.52
DEFORM_20240701_002,Structural Deformation (A11),2024-07-01,4.52
DEFORM_20240701_003,Structural Deformation (A11),2024-07-01,4.45
DEFORM_20240701_004,Structural Deformation (A11),2024-07-01,13.91
DEFORM_20240701_005,Structural Deformation (A11),2024-07-01,5.02
DEFORM_20240702_001,Structural Deformation (A11),2024-07-02,1.52
DEFORM_20240702_002,Structural Deformation (A11),2024-07-02,6.29
DEFORM_20240702_003,Structural Deformation (A11),2024-07-02,10.97
DEFORM_20240702_004,Structural Deformation (A11),2024-07-02,6.77
DEFORM_20240702_005,Structural Deformation (A11),2024-07-02,10.34
DEFORM_20240703_001,Structural Deformation (A11),2024-07-03,12.92
DEFORM_20240703_002,Structural Deformation (A11),2024-07-03,8.23
DEFORM_20240703_003,Structural Deformation (A11),2024-07-03,1.27
DEFORM_20240703_004,Structural Deformation (A11),2024-07-03,0.16
DEFORM_20240703_005,Structural Deformation (A11),2024-07-03,4.57
DEFORM_20240704_001,Structural Deformation (A11),2024-07-04,11.16
DEFORM_20240704_002,Structural Deformation (A11),2024-07-04,8.83
DEFORM_20240704_003,Structural Deformation (A11),2024-07-04,8.49
DEFORM_20240704_004,Structural Deformation (A11),2024-07-04,0.49
DEFORM_20240704_005,Structural Deformation (A11),2024-07-04,9.24
DEFORM_20240705_001,Structural Deformation (A11),2024-07-05,1.92
DEFORM_20240705_002,Structural Deformation (A11),2024-07-05,5.08
DEFORM_20240705_003,Structural Deformation (A11),2024-07-05,2.45
DEFORM_20240705_004,Structural Deformation (A11),2024-07-05,14.92
DEFORM_20240705_005,Structural Deformation (A11),2024-07-05,8.51
DEFORM_20240706_001,Structural Deformation (A11),2024-07-06,5.74
DEFORM_20240706_002,Structural Deformation (A11),2024-07-06,9.28
DEFORM_20240706_003,Structural Deformation (A11),2024-07-06,4.03
DEFORM_20240706_004,Structural Deformation (A11),2024-07-06,5.3
DEFORM_20240706_005,Structural Deformation (A11),2024-07-06,3.63
DEFORM_20240707_001,Structural Deformation (A11),2024-07-07,5.7
DEFORM_20240707_002,Structural Deformation (A11),2024-07-07,0.32
DEFORM_20240707_003,Structural Deformation (A11),2024-07-07,5.55
DEFORM_20240707_004,Structural Deformation (A11),2024-07-07,11.91
DEFORM_20240707_005,Structural Deformation (A11),2024-07-07,5.09
DEFORM_20240708_001,Structural Deformation (A11),2024-07-08,3.71
DEFORM_20240708_002,Structural Deformation (A11),2024-07-08,4.85
DEFORM_20240708_003,Structural Deformation (A11),2024-07-08,10.42
DEFORM_20240708_004,Structural Deformation (A11),2024-07-08,14.36
DEFORM_20240708_005,Structural Deformation (A11),2024-07-08,7.5
DEFORM_20240709_001,Structural Deformation (A11),2024-07-09,2.92
DEFORM_20240709_002,Structural Deformation (A11),2024-07-09,10.34
DEFORM_20240709_003,Structural Deformation (A11),2024-07-09,8.47
DEFORM_20240709_004,Structural Deformation (A11),2024-07-09,0.95
DEFORM_20240709_005,Structural Deformation (A11),2024-07-09,10.54
DEFORM_20240710_001,Structural Deformation (A11),2024-07-10,13.99
DEFORM_20240710_002,Structural Deformation (A11),2024-07-10,14.06
DEFORM_20240710_003,Structural Deformation (A11),2024-07-10,11.35
DEFORM_20240710_004,Structural Deformation (A11),2024-07-10,4.39
DEFORM_20240710_005,Structural Deformation (A11),2024-07-10,4.62
DEFORM_20240711_001,Structural Deformation (A11),2024-07-11,5.09
DEFORM_20240711_002,Structural Deformation (A11),2024-07-11,8.34
DEFORM_20240711_003,Structural Deformation (A11),2024-07-11,14.96
DEFORM_20240711_004,Structural Deformation (A11),2024-07-11,8.23
DEFORM_20240711_005,Structural Deformation (A11),2024-07-11,11.59
DEFORM_20240712_001,Structural Deformation (A11),2024-07-12,13.15
DEFORM_20240712_002,Structural Deformation (A11),2024-07-12,0.34
DEFORM_20240712_003,Structural Deformation (A11),2024-07-12,2.76
DEFORM_20240712_004,Structural Deformation (A11),2024-07-12,12.75
DEFORM_20240712_005,Structural Deformation (A11),2024-07-12,11.8
DEFORM_20240713_001,Structural Deformation (A11),2024-07-13,12.77
DEFORM_20240713_002,Structural Deformation (A11),2024-07-13,5.79
DEFORM_20240713_003,Structural Deformation (A11),2024-07-13,9.14
DEFORM_20240713_004,Structural Deformation (A11),2024-07-13,10.34
DEFORM_20240713_005,Structural Deformation (A11),2024-07-13,12.35
DEFORM_20240714_001,Structural Deformation (A11),2024-07-14,1.66
DEFORM_20240714_002,Structural Deformation (A11),2024-07-14,13.54
DEFORM_20240714_003,Structural Deformation (A11),2024-07-14,10.27
DEFORM_20240714_004,Structural Deformation (A11),2024-07-14,5.34
DEFORM_20240714_005,Structural Deformation (A11),2024-07-14,5.27
DEFORM_20240715_001,Structural Deformation (A11),2024-07-15,10.76
DEFORM_20240715_002,Structural Deformation (A11),2024-07-15,9.12
DEFORM_20240715_003,Structural Deformation (A11),2024-07-15,4.33
DEFORM_20240715_004,Structural Deformation (A11),2024-07-15,12.02
DEFORM_20240715_005,Structural Deformation (A11),2024-07-15,4.2
DEFORM_20240716_001,Structural Deformation (A11),2024-07-16,1.11
DEFORM_20240716_002,Structural Deformation (A11),2024-07-16,11.23
DEFORM_20240716_003,Structural Deformation (A11),2024-07-16,0.95
DEFORM_20240716_004,Structural Deformation (A11),2024-07-16,2.04
DEFORM_20240716_005,Structural Deformation (A11),2024-07-16,0.54
DEFORM_20240717_001,Structural Deformation (A11),2024-07-17,16.85
DEFORM_20240717_002,Structural Deformation (A11),2024-07-17,9.05
DEFORM_20240717_003,Structural Deformation (A11),2024-07-17,11.55
DEFORM_20240717_004,Structural Deformation (A11),2024-07-17,7.04
DEFORM_20240717_005,Structural Deformation (A11),2024-07-17,9.29
DEFORM_20240718_001,Structural Deformation (A11),2024-07-18,11.77
DEFORM_20240718_002,Structural Deformation (A11),2024-07-18,13.97
DEFORM_20240718_003,Structural Deformation (A11),2024-07-18,11.96
DEFORM_20240718_004,Structural Deformation (A11),2024-07-18,13.36
DEFORM_20240718_005,Structural Deformation (A11),2024-07-18,1.92
DEFORM_20240719_001,Structural Deformation (A11),2024-07-19,9.51
DEFORM_20240719_002,Structural Deformation (A11),2024-07-19,14.38
DEFORM_20240719_003,Structural Deformation (A11),2024-07-19,45.69
DEFORM_20240719_004,Structural Deformation (A11),2024-07-19,0.3
DEFORM_20240719_005,Structural Deformation (A11),2024-07-19,7.75
DEFORM_20240720_001,Structural Deformation (A11),2024-07-20,12.96
DEFORM_20240720_002,Structural Deformation (A11),2024-07-20,3.23
DEFORM_20240720_003,Structural Deformation (A11),2024-07-20,10.9
DEFORM_20240720_004,Structural Deformation (A11),2024-07-20,1.34
DEFORM_20240720_005,Structural Deformation (A11),2024-07-20,14.52
DEFORM_20240721_001,Structural Deformation (A11),2024-07-21,10.3
DEFORM_20240721_002,Structural Deformation (A11),2024-07-21,12.86
DEFORM_20240721_003,Structural Deformation (A11),2024-07-21,11.46
DEFORM_20240721_004,Structural Deformation (A11),2024-07-21,3.65
DEFORM_20240721_005,Structural Deformation (A11),2024-07-21,14.05
DEFORM_20240722_001,Structural Deformation (A11),2024-07-22,14.25
DEFORM_20240722_002,Structural Deformation (A11),2024-07-22,1.95
DEFORM_20240722_003,Structural Deformation (A11),2024-07-22,6.07
DEFORM_20240722_004,Structural Deformation (A11),2024-07-22,11.45
DEFORM_20240722_005,Structural Deformation (A11),2024-07-22,8.6
DEFORM_20240723_001,Structural Deformation (A11),2024-07-23,14.27
DEFORM_20240723_002,Structural Deformation (A11),2024-07-23,3.66
DEFORM_20240723_003,Structural Deformation (A11),2024-07-23,14.3
DEFORM_20240723_004,Structural Deformation (A11),2024-07-23,10.42
DEFORM_20240723_005,Structural Deformation (A11),2024-07-23,1.3
DEFORM_20240724_001,Structural Deformation (A11),2024-07-24,10.11
DEFORM_20240724_002,Structural Deformation (A11),2024-07-24,14.11
DEFORM_20240724_003,Structural Deformation (A11),2024-07-24,9.51
DEFORM_20240724_004,Structural Deformation (A11),2024-07-24,2.83
DEFORM_20240724_005,Structural Deformation (A11),2024-07-24,10.12
DEFORM_20240725_001,Structural Deformation (A11),2024-07-25,3.69
DEFORM_20240725_002,Structural Deformation (A11),2024-07-25,5.9
DEFORM_20240725_003,Structural Deformation (A11),2024-07-25,7.2
DEFORM_20240725_004,Structural Deformation (A11),2024-07-25,4.92
DEFORM_20240725_005,Structural Deformation (A11),2024-07-25,11.78
DEFORM_20240726_001,Structural Deformation (A11),2024-07-26,31.43
DEFORM_20240726_002,Structural Deformation (A11),2024-07-26,13.32
DEFORM_20240726_003,Structural Deformation (A11),2024-07-26,11.93
DEFORM_20240726_004,Structural Deformation (A11),2024-07-26,9.31
DEFORM_20240726_005,Structural Deformation (A11),2024-07-26,12.27
DEFORM_20240727_001,Structural Deformation (A11),2024-07-27,8.12
DEFORM_20240727_002,Structural Deformation (A11),2024-07-27,0.69
DEFORM_20240727_003,Structural Deformation (A11),2024-07-27,1.06
DEFORM_20240727_004,Structural Deformation (A11),2024-07-27,5.37
DEFORM_20240727_005,Structural Deformation (A11),2024-07-27,8.78
DEFORM_20240728_001,Structural Deformation (A11),2024-07-28,9.93
DEFORM_20240728_002,Structural Deformation (A11),2024-07-28,0.15
DEFORM_20240728_003,Structural Deformation (A11),2024-07-28,6.8
DEFORM_20240728_004,Structural Deformation (A11),2024-07-28,11.87
DEFORM_20240728_005,Structural Deformation (A11),2024-07-28,11.64
DEFORM_20240729_001,Structural Deformation (A11),2024-07-29,9.33
DEFORM_20240729_002,Structural Deformation (A11),2024-07-29,2.56
DEFORM_20240729_003,Structural Deformation (A11),2024-07-29,9.9
DEFORM_20240729_004,Structural Deformation (A11),2024-07-29,11.67
DEFORM_20240729_005,Structural Deformation (A11),2024-07-29,3.63
DEFORM_20240730_001,Structural Deformation (A11),2024-07-30,9.92
DEFORM_20240730_002,Structural Deformation (A11),2024-07-30,11.6
DEFORM_20240730_003,Structural Deformation (A11),2024-07-30,6.84
DEFORM_20240730_004,Structural Deformation (A11),2024-07-30,26.63
DEFORM_20240730_005,Structural Deformation (A11),2024-07-30,2.65
DEFORM_20240731_001,Structural Deformation (A11),2024-07-31,3.22
DEFORM_20240731_002,Structural Deformation (A11),2024-07-31,10.52
DEFORM_20240731_003,Structural Deformation (A11),2024-07-31,8.83
DEFORM_20240731_004,Structural Deformation (A11),2024-07-31,14.42
DEFORM_20240731_005,Structural Deformation (A11),2024-07-31,8.27
